<?xml version="1.0" encoding="UTF-8"?>
<project-private xmlns="http://www.netbeans.org/ns/project-private/1">
    <editor-bookmarks xmlns="http://www.netbeans.org/ns/editor-bookmarks/2" lastBookmarkId="0"/>
    <open-files xmlns="http://www.netbeans.org/ns/projectui-open-files/2">
        <group>
            <file>file:/C:/Users/M.Ahsan/Documents/NetBeansProjects/Graph_driver/src/graph_driver/Directedgraph.java</file>
            <file>file:/C:/Users/M.Ahsan/Documents/NetBeansProjects/Graph_driver/src/graph_driver/Vertex.java</file>
            <file>file:/C:/Users/M.Ahsan/Documents/NetBeansProjects/Graph_driver/src/graph_driver/Graph_driver.java</file>
            <file>file:/C:/Users/M.Ahsan/Documents/NetBeansProjects/Graph_driver/src/graph_driver/Graph.java</file>
        </group>
    </open-files>
</project-private>
