<?xml version="1.0" encoding="UTF-8"?>
<project-private xmlns="http://www.netbeans.org/ns/project-private/1">
    <editor-bookmarks xmlns="http://www.netbeans.org/ns/editor-bookmarks/2" lastBookmarkId="0"/>
    <open-files xmlns="http://www.netbeans.org/ns/projectui-open-files/2">
        <group>
            <file>file:/C:/Users/M.Ahsan/Documents/NetBeansProjects/text/src/text/FXMLDocumentController.java</file>
            <file>file:/C:/Users/M.Ahsan/Documents/NetBeansProjects/text/src/text/Text.java</file>
            <file>file:/C:/Users/M.Ahsan/Documents/NetBeansProjects/text/src/ds/Linklist.java</file>
            <file>file:/C:/Users/M.Ahsan/Documents/NetBeansProjects/text/src/ds/HashTable.java</file>
            <file>file:/C:/Users/M.Ahsan/Documents/NetBeansProjects/text/src/ds/node.java</file>
        </group>
    </open-files>
</project-private>
